<?xml version="1.0"?>
<mapping>
	<dbms product="NETEZZA" id="netezza_id" label="Mapping Netezza" default="true">
		<dbTypes>
			<dbType type="BOOLEAN" ignoreLen="true" ignorePre="true" />
			
			<dbType type="VARCHAR" default="true" defaultLength="200" ignoreLen="false" ignorePre="true"/>
			<dbType type="NVARCHAR" defaultLength="200" ignoreLen="false" ignorePre="true"/>
			<dbType type="CHAR" defaultLength="20" ignoreLen="false" ignorePre="true"/>
			<dbType type="NCHAR" defaultLength="20" ignoreLen="false" ignorePre="true"/>
			
			<dbType type="BYTEINT" ignoreLen="true" ignorePre="true"/>
			<dbType type="SMALLINT" ignoreLen="true" ignorePre="true"/>
			<dbType type="INT" ignoreLen="true" ignorePre="true"/>
			<dbType type="INT1" ignoreLen="true" ignorePre="true"/>
			<dbType type="INT2" ignoreLen="true" ignorePre="true"/>
			<dbType type="INT4" ignoreLen="true" ignorePre="true"/>
			<dbType type="INT8" ignoreLen="true" ignorePre="true"/>
			<dbType type="INTEGER" ignoreLen="true" ignorePre="true"/>
			<dbType type="BIGINT" ignoreLen="true" ignorePre="true"/>
			
			<dbType type="NUMERIC" defaultLength="18" defaultPrecision="0" ignoreLen="false" ignorePre="false"/>
			<dbType type="DECIMAL" defaultLength="18" defaultPrecision="0" ignoreLen="false" ignorePre="false"/>
			<dbType type="FLOAT" defaultLength="6" defaultPrecision="6" ignoreLen="true" ignorePre="false"/>
			<dbType type="REAL" ignoreLen="true" ignorePre="true"/>
			<dbType type="DOUBLE PRECISION" ignoreLen="true" ignorePre="true"/>
			<dbType type="DOUBLE" ignoreLen="true" ignorePre="true"/>
			
			<dbType type="DATE" ignoreLen="true" ignorePre="true"/>
			<dbType type="TIME" ignoreLen="true" ignorePre="true"/>
			<dbType type="TIMESTAMP" ignoreLen="true" ignorePre="true"/>
			<dbType type="TIMESPAN" ignoreLen="true" ignorePre="true"/>
			
		</dbTypes>

		<language name="java">
			<talendToDbTypes><!-- Adviced mappings  -->
				<talendType type="id_List">
				</talendType>
				<talendType type="id_Boolean">	
					<dbType type="BOOLEAN" default="true"/>
				</talendType>
				<talendType type="id_Byte">						
				</talendType>
				<talendType type="id_byte[]">
				</talendType>
				<talendType type="id_Character">
					<dbType type="CHAR" default="true"/>
					<dbType type="NCHAR"/>
				</talendType>
				<talendType type="id_Date">
					<dbType type="DATE"/>
					<dbType type="TIME"/>
					<dbType type="TIMESTAMP" default="true"/>
				</talendType>
				<talendType type="id_BigDecimal">
					<dbType type="DECIMAL"/>
					<dbType type="NUMERIC" default="true"/>
				</talendType>
				<talendType type="id_Double">
					<dbType type="DOUBLE PRECISION"/>
					<dbType type="DOUBLE" default="true"/>
				</talendType>
				<talendType type="id_Float">
					<dbType type="FLOAT" default="true"/>
				</talendType>
				<talendType type="id_Integer">
					<dbType type="INT" default="true"/>
					<dbType type="INTEGER"/>
					<dbType type="BYTEINT"/>
					<dbType type="SMALLINT"/>
					<dbType type="INT1"/>
					<dbType type="INT2"/>
					<dbType type="INT4"/>
					<dbType type="INT8"/>
					<dbType type="BIGINT"/>
				</talendType>
				<talendType type="id_Long">
					<dbType type="INT"/>
					<dbType type="INTEGER"/>
					<dbType type="BYTEINT"/>
					<dbType type="SMALLINT"/>
					<dbType type="INT1"/>
					<dbType type="INT2"/>
					<dbType type="INT4"/>
					<dbType type="INT8"/>
					<dbType type="BIGINT" default="true"/>
					<dbType type="REAL"/>
					<dbType type="NUMERIC"/>
				</talendType>
				<talendType type="id_Object">
					<dbType type="VARCHAR" default="true"/>
				</talendType>
				<talendType type="id_Short">
					<dbType type="SMALLINT" default="true"/>
					<dbType type="INT1"/>
					<dbType type="INT2"/>
				</talendType>
				<talendType type="id_String">
					<dbType type="VARCHAR" default="true"/>
					<dbType type="NVARCHAR"/>
					<dbType type="VARCHAR"/>
					<dbType type="CHAR"/>
					<dbType type="NCHAR"/>
				</talendType>
			</talendToDbTypes>
			<dbToTalendTypes><!-- Adviced mappings  -->
				<dbType type="BOOLEAN">
					<talendType type="id_Boolean" default="true" />
				</dbType>
				<dbType type="VARCHAR">
					<talendType type="id_String" default="true" />
				</dbType>
				<dbType type="NVARCHAR">
					<talendType type="id_String" default="true" />
				</dbType>
				<dbType type="CHAR">
					<talendType type="id_Character" />
					<talendType type="id_String" default="true" />
				</dbType>
				<dbType type="NCHAR">
					<talendType type="id_Character" />
					<talendType type="id_String" default="true" />
				</dbType>
				<dbType type="DECIMAL">
					<talendType type="id_BigDecimal" default="true" />
					<talendType type="id_Double"/>
					<talendType type="id_Long"/>
				</dbType>
				<dbType type="NUMERIC">
					<talendType type="id_BigDecimal" default="true" />
					<talendType type="id_Double"/>
				</dbType>
				<dbType type="BYTEINT">
					<talendType type="id_Short" default="true" />
				</dbType>
				<dbType type="SMALLINT">
					<talendType type="id_Short" default="true" />
				</dbType>
				<dbType type="INT">
					<talendType type="id_Integer" default="true" />
				</dbType>
				<dbType type="INTEGER">
					<talendType type="id_Integer" default="true" />
				</dbType>
				<dbType type="INT1">
					<talendType type="id_Short" default="true" />
				</dbType>
				<dbType type="INT2">
					<talendType type="id_Short" default="true" />
				</dbType>
				<dbType type="INT4">
					<talendType type="id_Integer" default="true" />
				</dbType>
				<dbType type="INT8">
					<talendType type="id_Long" default="true" />
				</dbType>
				<dbType type="BIGINT">
					<talendType type="id_Long" default="true" />
				</dbType>
				<dbType type="REAL">
					<talendType type="id_Float" default="true" />
					<talendType type="id_Double"/>
					<talendType type="id_BigDecimal"/>
				</dbType>
				<dbType type="FLOAT">
					<talendType type="id_Float" default="true" />
					<talendType type="id_Double"/>
					<talendType type="id_BigDecimal"/>
				</dbType>
				<dbType type="DOUBLE PRECISION">
					<talendType type="id_Double" default="true" />
					<talendType type="id_BigDecimal"/>
				</dbType>
				<dbType type="DOUBLE">
					<talendType type="id_Double" default="true" />
					<talendType type="id_BigDecimal"/>
				</dbType>
				<dbType type="DATE">
					<talendType type="id_Date" default="true" />				
				</dbType>
				<dbType type="TIMESTAMP">
					<talendType type="id_Date" default="true" />				
				</dbType>
				<dbType type="TIME">
					<talendType type="id_Date" default="true" />				
				</dbType>
				<dbType type="TIMESPAN">
					<talendType type="id_Date" default="true" />				
				</dbType>																															
			</dbToTalendTypes>
		</language>
	</dbms>

</mapping>