<?xml version="1.0"?>
<mapping>
	<dbms product="IMPALA" id="impala_id" label="Mapping Impala" default="true">
		<dbTypes>
			<dbType type="SMALLINT" ignoreLen="true" ignorePre="true"/>
			<dbType type="FLOAT" ignoreLen="true" ignorePre="true"/>
			<dbType type="DOUBLE" ignoreLen="true" ignorePre="true"/>
			<dbType type="BIGINT" ignoreLen="true" ignorePre="true"/>
			<dbType type="INT" ignoreLen="true" ignorePre="true"/>
			<dbType type="TINYINT" ignoreLen="true" ignorePre="true"/>
			<dbType type="STRING" ignoreLen="true" ignorePre="true"/>
			<dbType type="BOOLEAN" ignoreLen="true" ignorePre="true"/>
			<dbType type="STRUCT" ignoreLen="true" ignorePre="true"/>
			<dbType type="MAP" ignoreLen="true" ignorePre="true"/>
			<dbType type="ARRAY" ignoreLen="true" ignorePre="true"/>
			<dbType type="TIMESTAMP" ignoreLen="true" ignorePre="true"/>
		</dbTypes>
		
		<language name="java">
			<talendToDbTypes><!-- Adviced mappings  -->
				<talendType type="id_List"/>
				<talendType type="id_Boolean">	
					<dbType type="BOOLEAN"/>				
				</talendType>
				<talendType type="id_Byte">
					<dbType type="TINYINT" default="true"/>
					<dbType type="BIGINT"/>
					<dbType type="INT"/>
					<dbType type="SMALLINT"/>				
				</talendType>
				<talendType type="id_byte[]"/>
				<talendType type="id_Character">
					<dbType type="STRING"/>
				</talendType>
				<talendType type="id_Date">
				    <dbType type="TIMESTAMP" default="true"/>
				</talendType>
				<talendType type="id_BigDecimal">
					<dbType type="BIGINT" default="true"/>
					<dbType type="FLOAT"/>
					<dbType type="DOUBLE"/>
				</talendType>
				<talendType type="id_Double">
					<dbType type="DOUBLE" default="true" />
					<dbType type="FLOAT"/>
				</talendType>
				<talendType type="id_Float">
					<dbType type="FLOAT" default="true" />
					<dbType type="DOUBLE"/>
				</talendType>
				<talendType type="id_Integer">
					<dbType type="INT" default="true" />
					<dbType type="BIGINT" />
				</talendType>
				<talendType type="id_Long">
					<dbType type="BIGINT" default="true" />		
				</talendType>
				<talendType type="id_Object">
					<dbType type="STRUCT" default="true" />
					<dbType type="MAP" />
					<dbType type="ARRAY" />	
				</talendType>
				<talendType type="id_Short">
					<dbType type="SMALLINT" default="true" />
					<dbType type="INT" />
				</talendType>
				<talendType type="id_String">
					<dbType type="STRING"/>
				</talendType>
			</talendToDbTypes>
			<dbToTalendTypes><!-- Adviced mappings  -->
				<dbType type="STRING">
					<talendType type="id_String" default="true"/>
				</dbType>
				<dbType type="BOOLEAN">
					<talendType type="id_Boolean" default="true"/>
				</dbType>
				<dbType type="DOUBLE">
					<talendType type="id_Double" default="true"/>
					<talendType type="id_BigDecimal"/>
					<talendType type="id_Float"/>
				</dbType>
				<dbType type="BIGINT">
					<talendType type="id_BigDecimal" default="true"/>
					<talendType type="id_Byte"/>
					<talendType type="id_Integer"/>
					<talendType type="id_Long"/>
				</dbType>
				<dbType type="INT">
					<talendType type="id_Integer" default="true"/>
					<talendType type="id_Short"/>
				</dbType>
				<dbType type="SMALLINT">
					<talendType type="id_Short" default="true"/>
					<talendType type="id_Byte"/>
				</dbType>
				<dbType type="TINYINT">
					<talendType type="id_Byte" default="true"/>
				</dbType>
				<dbType type="FLOAT">
					<talendType type="id_Float" default="true"/>
					<talendType type="id_Double"/>
					<talendType type="id_BigDecimal"/>
				</dbType>
				<dbType type="STRUCT">
					<talendType type="id_Object" default="true"/>
				</dbType>
				<dbType type="MAP">
					<talendType type="id_Object" default="true"/>
				</dbType>
				<dbType type="ARRAY">
					<talendType type="id_Object" default="true"/>
				</dbType>
				<dbType type="TIMESTAMP">
                    <talendType type="id_Date" default="true"/>
                </dbType>
			</dbToTalendTypes>
		</language>
	</dbms>
</mapping>