<?xml version="1.0"?>
<mapping>
	<dbms product="MAXDB" id="maxdb_id" label="Mapping MaxDB" default="true">
		<dbTypes>
			<dbType type="BOOLEAN" ignoreLen="true" ignorePre="true"/>
			<dbType type="CHAR" ignoreLen="true" ignorePre="false" defaultPrecision="5"/>
			<dbType type="CHARACTER" ignoreLen="true" ignorePre="false" defaultPrecision="5"/>
			<dbType type="VARCHAR" ignoreLen="true" ignorePre="false" defaultPrecision="5"/>
			<dbType type="NCHAR" ignoreLen="true" ignorePre="false" defaultPrecision="5"/>
			<dbType type="NVARCHAR" ignoreLen="true" ignorePre="false" defaultPrecision="5"/>
			<dbType type="FIXED" preBeforelen="true" ignoreLen="false" ignorePre="false" defaultPrecision="5" defaultLength="2"/>
			<dbType type="NUMERIC" preBeforelen="true" ignoreLen="false" ignorePre="false" defaultPrecision="5" defaultLength="2"/>
			<dbType type="DEC" preBeforelen="true" ignoreLen="false" ignorePre="false" defaultPrecision="5" defaultLength="2"/>
			<dbType type="DECIMAL" preBeforelen="true" ignoreLen="false" ignorePre="false" defaultPrecision="5" defaultLength="2"/>
			<dbType type="FLOAT" ignoreLen="true" ignorePre="false" defaultPrecision="5"/>
			<dbType type="REAL" ignoreLen="true" ignorePre="false" defaultPrecision="5"/>
			<dbType type="SERIAL" ignoreLen="true" ignorePre="false" defaultPrecision="5"/>
			<dbType type="BINARY" ignoreLen="true" ignorePre="false" defaultPrecision="5"/>
			<dbType type="DOUBLE PRECISION" ignoreLen="true" ignorePre="true"/>
			<dbType type="SMALLINT" ignoreLen="true" ignorePre="true"/>
			<dbType type="INT" ignoreLen="true" ignorePre="true"/>
			<dbType type="INTEGER" ignoreLen="true" ignorePre="true"/>
			<dbType type="DATE" ignoreLen="true" ignorePre="true"/>
			<dbType type="TIME" ignoreLen="true" ignorePre="true"/>
			<dbType type="TIMESTAMP" ignoreLen="true" ignorePre="true"/>
			<dbType type="CLOB" ignoreLen="true" ignorePre="true"/>
			<dbType type="LONG VARCHAR" ignoreLen="true" ignorePre="true"/>
			<dbType type="LONG ASCII" ignoreLen="true" ignorePre="true"/>
			<dbType type="CLOB UNICODE" ignoreLen="true" ignorePre="true"/>			
			<dbType type="LONG UNICODE" ignoreLen="true" ignorePre="true"/>
			<dbType type="NCLOB" ignoreLen="true" ignorePre="true"/>
			<dbType type="BLOB" ignoreLen="true" ignorePre="true"/>
			<dbType type="LONG BYTE" ignoreLen="true" ignorePre="true"/>
		</dbTypes>

		<language name="java">
			<talendToDbTypes>
				<talendType type="id_List">
				</talendType>
				<talendType type="id_Boolean">
					<dbType type="BOOLEAN" default="true"/>					
				</talendType>
				<talendType type="id_Byte">
					<dbType type="BINARY" default="true"/>
					<dbType type="FIXED"/>			
				</talendType>
				<talendType type="id_byte[]">
				</talendType>
				<talendType type="id_Character">
					<dbType type="CHAR" default="true"/>
					<dbType type="CHARACTER"/>
					<dbType type="NCHAR"/>
				</talendType>
				<talendType type="id_Date">
					<dbType type="DATE" default="true"/>
					<dbType type="TIME"/>
					<dbType type="TIMESTAMP"/>
				</talendType>
				<talendType type="id_BigDecimal">
					<dbType type="DECIMAL" default="true"/>
					<dbType type="DEC"/>
					<dbType type="FIXED"/>
					<dbType type="NUMERIC"/>
				</talendType>
				<talendType type="id_Double">
					<dbType type="DOUBLE PRECISION" default="true"/>
					<dbType type="FLOAT"/>
					<dbType type="REAL"/>
					<dbType type="SERIAL"/>
				</talendType>
				<talendType type="id_Float">
					<dbType type="FLOAT" default="true"/>
					<dbType type="REAL"/>
					<dbType type="SERIAL"/>
				</talendType>
				<talendType type="id_Integer">
					<dbType type="INT" default="true"/>
					<dbType type="INTEGER"/>
				</talendType>
				<talendType type="id_Long">
					<dbType type="FIXED" default="true"/>
					<dbType type="NUMERIC"/>	
				</talendType>
				<talendType type="id_Object">
					<dbType type="CLOB" default="true"/>
					<dbType type="LONG VARCHAR"/>
					<dbType type="LONG ASCII"/>
					<dbType type="CLOB UNICODE"/>
					<dbType type="LONG UNICODE"/>
					<dbType type="NCLOB"/>
					<dbType type="BLOB"/>
					<dbType type="LONG BYTE"/>
				</talendType>
				<talendType type="id_Short">
					<dbType type="SMALLINT" default="true"/>
					<dbType type="FIXED"/>
				</talendType>
				<talendType type="id_String">
					<dbType type="VARCHAR" default="true"/>
					<dbType type="NVARCHAR"/>
				</talendType>
			</talendToDbTypes>
			<dbToTalendTypes>
				<dbType type="BOOLEAN">
					<talendType type="id_Boolean" default="true" />
				</dbType>
				<dbType type="CHAR">
					<talendType type="id_String" default="true" />
				</dbType>
				<dbType type="CHARACTER">
					<talendType type="id_String" default="true" />
				</dbType>
				<dbType type="VARCHAR">
					<talendType type="id_String" default="true" />
				</dbType>
				<dbType type="NCHAR">
					<talendType type="id_String" default="true" />
				</dbType>
				<dbType type="NVARCHAR">
					<talendType type="id_String" default="true" />
				</dbType>
				<dbType type="FIXED">
					<talendType type="id_Byte"/>
					<talendType type="id_Short"/>
					<talendType type="id_Long" default="true"/>
					<talendType type="id_BigDecimal"/>
				</dbType>
				<dbType type="NUMERIC">
					<talendType type="id_BigDecimal" default="true"/>
					<talendType type="id_Long"/>
				</dbType>								
				<dbType type="DEC">
					<talendType type="id_BigDecimal" default="true"/>
				</dbType>
				<dbType type="DECIMAL">
					<talendType type="id_BigDecimal" default="true"/>
				</dbType>
				<dbType type="FLOAT">
					<talendType type="id_Float" default="true"/>
					<talendType type="id_Double"/>
				</dbType>
				<dbType type="REAL">
					<talendType type="id_Float" default="true"/>
					<talendType type="id_Double"/>
				</dbType>
				<dbType type="SERIAL">
					<talendType type="id_Float" default="true"/>
					<talendType type="id_Double"/>
				</dbType>
				<dbType type="BINARY">
					<talendType type="id_Byte" default="true" />
				</dbType>
				<dbType type="DOUBLE PRECISION">
					<talendType type="id_Double" default="true" />
				</dbType>
				<dbType type="SMALLINT">
					<talendType type="id_Short" default="true" />
				</dbType>
				<dbType type="INT">
					<talendType type="id_Integer" default="true" />
				</dbType>
				<dbType type="INTEGER">
					<talendType type="id_Integer" default="true" />
				</dbType>																																																																				
				<dbType type="DATE">
					<talendType type="id_Date" default="true" />
				</dbType>
				<dbType type="TIME">
					<talendType type="id_Date" default="true" />
				</dbType>
				<dbType type="TIMESTAMP">
					<talendType type="id_Date" default="true" />
				</dbType>								
				<dbType type="CLOB">
					<talendType type="id_Object" default="true"/>
				</dbType>
				<dbType type="LONG VARCHAR">
					<talendType type="id_Object" default="true"/>
				</dbType>
				<dbType type="LONG ASCII">
					<talendType type="id_Object" default="true"/>
				</dbType>
				<dbType type="CLOB UNICODE">
					<talendType type="id_Object" default="true"/>
				</dbType>
				<dbType type="LONG UNICODE">
					<talendType type="id_Object" default="true"/>
				</dbType>
				<dbType type="NCLOB">
					<talendType type="id_Object" default="true"/>
				</dbType>
				<dbType type="BLOB">
					<talendType type="id_Object" default="true"/>
				</dbType>
				<dbType type="LONG BYTE">
					<talendType type="id_Object" default="true"/>
				</dbType>
			</dbToTalendTypes>
		</language>
	</dbms>

</mapping>
