<?xml version="1.0"?>
<mapping>
	<dbms product="HSQLDB" id="hsqldb_id" label="Mapping HSQLdb" default="true">
		<dbTypes>
			<dbType type="BIGINT" ignoreLen="true" ignorePre="true"/>
			<dbType type="BINARY" ignoreLen="true" ignorePre="true"/>
			<dbType type="BIT" ignoreLen="true" ignorePre="true"/>
			<dbType type="BOOLEAN" ignoreLen="true" ignorePre="true"/>
			<dbType type="CHAR" defaultLength="50" ignorePre="true"/>
			<dbType type="DATE" ignoreLen="true" ignorePre="true"/>
			<dbType type="DATETIME" ignoreLen="true" ignorePre="true"/>
			<dbType type="DECIMAL" defaultLength="20" defaultPrecision="10"/>
			<dbType type="DOUBLE" ignoreLen="true" ignorePre="true"/>
			<dbType type="FLOAT" ignoreLen="true" ignorePre="true"/>
			<dbType type="INTEGER" ignoreLen="true" ignorePre="true" />
			<dbType type="INT" ignoreLen="true" ignorePre="true"/>		
			<dbType type="LONGVARBINARY" ignoreLen="true" ignorePre="true"/>
			<dbType type="LONGVARCHAR" ignoreLen="true" ignorePre="true"/>
			<dbType type="NUMERIC" defaultLength="20" defaultPrecision="10"/>
			<dbType type="OBJECT" ignoreLen="true" ignorePre="true"/>
			<dbType type="OTHER" ignoreLen="true" ignorePre="true"/>
			<dbType type="REAL"/>
			<dbType type="SMALLINT" ignoreLen="true" ignorePre="true"/>
			<dbType type="TIME" ignoreLen="true" ignorePre="true"/>		
			<dbType type="TIMESTAMP" ignoreLen="true" ignorePre="true"/>
			<dbType type="TINYINT" ignoreLen="true" ignorePre="true"/>
			<dbType type="VARBINARY" ignoreLen="true" ignorePre="true"/>				
			<dbType type="VARCHAR" ignorePre="true" default="true" defaultLength="200"/>
			<dbType type="VARCHAR_IGNORECASE" ignoreLen="true" ignorePre="true"/>
		</dbTypes>
		<language name="java">
			<talendToDbTypes>
				<!-- Adviced mappings  -->
				<talendType type="id_List"/>
				<talendType type="id_Byte">
					<dbType type="TINYINT" default="true"/>
					<dbType type="SMALLINT"/>
					<dbType type="INT"/>
					<dbType type="BIGINT"/>
				</talendType>
				<talendType type="id_Short">
					<dbType type="SMALLINT" default="true"/>
					<dbType type="INT"/>
					<dbType type="BIGINT"/>
				</talendType>
				<talendType type="id_Integer">
					<dbType type="INT" default="true"/>
					<dbType type="INTEGER"/>
					<dbType type="BIGINT"/>
				</talendType>
				<talendType type="id_Long">
					<dbType type="BIGINT" default="true"/>
				</talendType>
				<talendType type="id_BigDecimal">
					<dbType type="DECIMAL" default="true"/>
					<dbType type="DOUBLE"/>
					<dbType type="FLOAT"/>
					<dbType type="NUMERIC"/>
					<dbType type="REAL"/>
				</talendType>
				<talendType type="id_Float">
					<dbType type="FLOAT" default="true"/>
					<dbType type="DOUBLE"/>
					<dbType type="DECIMAL"/>
					<dbType type="NUMERIC"/>
					<dbType type="REAL"/>
				</talendType>
				<talendType type="id_Double">
					<dbType type="DOUBLE" default="true"/>
					<dbType type="FLOAT"/>
					<dbType type="DECIMAL"/>
					<dbType type="NUMERIC"/>
					<dbType type="REAL"/>
				</talendType>
				<talendType type="id_Character">
					<dbType type="CHAR" default="true"/>
					<dbType type="VARCHAR"/>
					<dbType type="VARCHAR_IGNORECASE"/>
					<dbType type="LONGVARCHAR"/>
				</talendType>
				<talendType type="id_String">
					<dbType type="VARCHAR" default="true"/>
					<dbType type="VARCHAR_IGNORECASE"/>
					<dbType type="LONGVARCHAR"/>
				</talendType>
				<talendType type="id_Boolean">
					<dbType type="BIT" default="true"/>
					<dbType type="BOOLEAN"/>
				</talendType>
				<talendType type="id_byte[]">
					<dbType type="BINARY" default="true"/>
					<dbType type="VARBINARY"/>
					<dbType type="LONGVARBINARY"/>
				</talendType>
				<talendType type="id_Date">
					<dbType type="DATE" default="true"/>
					<dbType type="TIME"/>
					<dbType type="DATETIME"/>
					<dbType type="TIMESTAMP"/>
				</talendType>
				<talendType type="id_Object">
					<dbType type="OBJECT" default="true"/>
					<dbType type="OTHER"/>
				</talendType>
			</talendToDbTypes>
			<dbToTalendTypes>
				<dbType type="BIGINT">
					<talendType type="id_Long" default="true"/>
				</dbType>
				<dbType type="BINARY">
					<talendType type="id_byte[]" default="true"/>	
				</dbType>
				<dbType type="BIT">
					<talendType type="id_Boolean" default="true"/>
				</dbType>
				<dbType type="BOOLEAN">
					<talendType type="id_Boolean" default="true"/>
				</dbType>
				<dbType type="CHAR">
					<talendType type="id_String" default="true"/>
				</dbType>
				<dbType type="DATE">
					<talendType type="id_Date" default="true"/>
				</dbType>
				<dbType type="DATETIME">
					<talendType type="id_Date" default="true"/>
				</dbType>
				<dbType type="DECIMAL">
					<talendType type="id_Float"/>
					<talendType type="id_BigDecimal" default="true"/>
					<talendType type="id_Double"/>
				</dbType>
				<dbType type="DOUBLE">
					<talendType type="id_Double" default="true"/>
					<talendType type="id_BigDecimal"/>
				</dbType>
				<dbType type="FLOAT">
					<talendType type="id_Float" default="true"/>
					<talendType type="id_Double"/>
					<talendType type="id_BigDecimal"/>
				</dbType>
				<dbType type="INT">
					<talendType type="id_Integer" default="true"/>
					<talendType type="id_Long"/>
				</dbType>
				<dbType type="INTEGER">
					<talendType type="id_Integer" default="true" />
				</dbType>																								
				<dbType type="LONGVARBINARY">
					<talendType type="id_byte[]" default="true"/>
				</dbType>
				<dbType type="LONGVARCHAR">
					<talendType type="id_String" default="true"/>
				</dbType>
				<dbType type="NUMERIC">
					<talendType type="id_Float"/>
					<talendType type="id_Double"/>
					<talendType type="id_BigDecimal" default="true"/>
				</dbType>	
				<dbType type="OBJECT">
					<talendType type="id_Object" default="true"/>
				</dbType>
				<dbType type="OTHER">
					<talendType type="id_Object" default="true"/>
				</dbType>
				<dbType type="REAL">
					<talendType type="id_Float" default="true"/>
					<talendType type="id_Double"/>
					<talendType type="id_BigDecimal"/>
				</dbType>
				<dbType type="SMALLINT">
					<talendType type="id_Short" default="true"/>
					<talendType type="id_Integer"/>
					<talendType type="id_Long"/>
				</dbType>											
				<dbType type="TIME">
					<talendType type="id_Date" default="true"/>
				</dbType>				
				<dbType type="TIMESTAMP">
					<talendType type="id_Date" default="true"/>
				</dbType>
				<dbType type="TINYINT">
					<talendType type="id_Byte" default="true"/>
					<talendType type="id_Short"/>
					<talendType type="id_Integer"/>
					<talendType type="id_Long"/>
				</dbType>
				<dbType type="VARBINARY">
					<talendType type="id_byte[]" default="true"/>	
				</dbType>
				<dbType type="VARCHAR">
					<talendType type="id_String" default="true"/>
				</dbType>
				<dbType type="VARCHAR_IGNORECASE">
					<talendType type="id_String" default="true"/>
				</dbType>				
			</dbToTalendTypes>
		</language>
	</dbms>
</mapping>
