<?xml version="1.1" encoding="UTF-8"?>
<expression:EMFExpression xmi:version="2.0" xmlns:xmi="http://www.omg.org/XMI" xmlns:expression="http:///expression.ecore" id="tMap_1=>" expression="StringHandling.EREPLACE(&quot;\nholas&quot;,&quot;\n&quot;,&quot;&quot;)">
  <variables name="row2.Year" value="null" talendType="id_Integer" nullable="true"/>
  <variables name="row2.Quarter" value="null" talendType="id_Integer" nullable="true"/>
  <variables name="row2.Month" value="null" talendType="id_Integer" nullable="true"/>
  <variables name="row2.DayofMonth" value="null" talendType="id_Integer" nullable="true"/>
  <variables name="row2.DayOfWeek" value="null" talendType="id_Integer" nullable="true"/>
  <variables name="row2.FlightDate" value="null" talendType="id_Date" nullable="true"/>
  <variables name="row2.Marketing_Airline_Network" value="null" talendType="id_String" nullable="true"/>
  <variables name="row2.Operated_or_Branded_Code_Share_Partners" value="null" talendType="id_String" nullable="true"/>
  <variables name="row2.DOT_ID_Marketing_Airline" value="null" talendType="id_Integer" nullable="true"/>
  <variables name="row2.IATA_Code_Marketing_Airline" value="null" talendType="id_String" nullable="true"/>
  <variables name="row2.Flight_Number_Marketing_Airline" value="null" talendType="id_String" nullable="true"/>
  <variables name="row2.Originally_Scheduled_Code_Share_Airline" value="null" talendType="id_String" nullable="true"/>
  <variables name="row2.DOT_ID_Originally_Scheduled_Code_Share_Airline" value="null" talendType="id_String" nullable="true"/>
  <variables name="row2.IATA_Code_Originally_Scheduled_Code_Share_Airline" value="null" talendType="id_String" nullable="true"/>
  <variables name="row2.Flight_Num_Originally_Scheduled_Code_Share_Airline" value="null" talendType="id_String" nullable="true"/>
  <variables name="row2.Operating_Airline" value="null" talendType="id_String" nullable="true"/>
  <variables name="row2.DOT_ID_Operating_Airline" value="null" talendType="id_Integer" nullable="true"/>
  <variables name="row2.IATA_Code_Operating_Airline" value="null" talendType="id_String" nullable="true"/>
  <variables name="row2.Tail_Number" value="null" talendType="id_String" nullable="true"/>
  <variables name="row2.Flight_Number_Operating_Airline" value="null" talendType="id_String" nullable="true"/>
  <variables name="row2.OriginAirportID" value="null" talendType="id_Integer" nullable="true"/>
  <variables name="row2.OriginAirportSeqID" value="null" talendType="id_Integer" nullable="true"/>
  <variables name="row2.OriginCityMarketID" value="null" talendType="id_Integer" nullable="true"/>
  <variables name="row2.Origin" value="null" talendType="id_String" nullable="true"/>
  <variables name="row2.OriginCityName" value="null" talendType="id_String" nullable="true"/>
  <variables name="row2.OriginState" value="null" talendType="id_String" nullable="true"/>
  <variables name="row2.OriginStateFips" value="null" talendType="id_String" nullable="true"/>
  <variables name="row2.OriginStateName" value="null" talendType="id_String" nullable="true"/>
  <variables name="row2.OriginWac" value="null" talendType="id_Integer" nullable="true"/>
  <variables name="row2.DestAirportID" value="null" talendType="id_Integer" nullable="true"/>
  <variables name="row2.DestAirportSeqID" value="null" talendType="id_Integer" nullable="true"/>
  <variables name="row2.DestCityMarketID" value="null" talendType="id_Integer" nullable="true"/>
  <variables name="row2.Dest" value="null" talendType="id_String" nullable="true"/>
  <variables name="row2.DestCityName" value="null" talendType="id_String" nullable="true"/>
  <variables name="row2.DestState" value="null" talendType="id_String" nullable="true"/>
  <variables name="row2.DestStateFips" value="null" talendType="id_String" nullable="true"/>
  <variables name="row2.DestStateName" value="null" talendType="id_String" nullable="true"/>
  <variables name="row2.DestWac" value="null" talendType="id_Integer" nullable="true"/>
  <variables name="row2.CRSDepTime" value="null" talendType="id_String" nullable="true"/>
  <variables name="row2.DepTime" value="null" talendType="id_String" nullable="true"/>
  <variables name="row2.DepDelay" value="null" talendType="id_Double" nullable="true"/>
  <variables name="row2.DepDelayMinutes" value="null" talendType="id_Float" nullable="true"/>
  <variables name="row2.DepDel15" value="null" talendType="id_Float" nullable="true"/>
  <variables name="row2.DepartureDelayGroups" value="null" talendType="id_Integer" nullable="true"/>
  <variables name="row2.DepTimeBlk" value="null" talendType="id_String" nullable="true"/>
  <variables name="row2.TaxiOut" value="null" talendType="id_Float" nullable="true"/>
  <variables name="row2.WheelsOff" value="null" talendType="id_String" nullable="true"/>
  <variables name="row2.WheelsOn" value="null" talendType="id_String" nullable="true"/>
  <variables name="row2.TaxiIn" value="null" talendType="id_Float" nullable="true"/>
  <variables name="row2.CRSArrTime" value="null" talendType="id_String" nullable="true"/>
  <variables name="row2.ArrTime" value="null" talendType="id_String" nullable="true"/>
  <variables name="row2.ArrDelay" value="null" talendType="id_Double" nullable="true"/>
  <variables name="row2.ArrDelayMinutes" value="null" talendType="id_Float" nullable="true"/>
  <variables name="row2.ArrDel15" value="null" talendType="id_Float" nullable="true"/>
  <variables name="row2.ArrivalDelayGroups" value="null" talendType="id_Integer" nullable="true"/>
  <variables name="row2.ArrTimeBlk" value="null" talendType="id_String" nullable="true"/>
  <variables name="row2.Cancelled" value="null" talendType="id_Float" nullable="true"/>
  <variables name="row2.CancellationCode" value="null" talendType="id_String" nullable="true"/>
  <variables name="row2.Diverted" value="null" talendType="id_Float" nullable="true"/>
  <variables name="row2.CRSElapsedTime" value="null" talendType="id_Float" nullable="true"/>
  <variables name="row2.ActualElapsedTime" value="null" talendType="id_Float" nullable="true"/>
  <variables name="row2.AirTime" value="null" talendType="id_Float" nullable="true"/>
  <variables name="row2.Flights" value="null" talendType="id_Float" nullable="true"/>
  <variables name="row2.Distance" value="null" talendType="id_Float" nullable="true"/>
  <variables name="row2.DistanceGroup" value="null" talendType="id_Integer" nullable="true"/>
  <variables name="row2.CarrierDelay" value="null" talendType="id_String" nullable="true"/>
  <variables name="row2.WeatherDelay" value="null" talendType="id_String" nullable="true"/>
  <variables name="row2.NASDelay" value="null" talendType="id_String" nullable="true"/>
  <variables name="row2.SecurityDelay" value="null" talendType="id_String" nullable="true"/>
  <variables name="row2.LateAircraftDelay" value="null" talendType="id_String" nullable="true"/>
  <variables name="row2.FirstDepTime" value="null" talendType="id_String" nullable="true"/>
  <variables name="row2.TotalAddGTime" value="null" talendType="id_String" nullable="true"/>
  <variables name="row2.LongestAddGTime" value="null" talendType="id_String" nullable="true"/>
  <variables name="row2.DivAirportLandings" value="null" talendType="id_Integer" nullable="true"/>
  <variables name="row2.DivReachedDest" value="null" talendType="id_String" nullable="true"/>
  <variables name="row2.DivActualElapsedTime" value="null" talendType="id_String" nullable="true"/>
  <variables name="row2.DivArrDelay" value="null" talendType="id_String" nullable="true"/>
  <variables name="row2.DivDistance" value="null" talendType="id_String" nullable="true"/>
  <variables name="row2.Div1Airport" value="null" talendType="id_String" nullable="true"/>
  <variables name="row2.Div1AirportID" value="null" talendType="id_String" nullable="true"/>
  <variables name="row2.Div1AirportSeqID" value="null" talendType="id_String" nullable="true"/>
  <variables name="row2.Div1WheelsOn" value="null" talendType="id_String" nullable="true"/>
  <variables name="row2.Div1TotalGTime" value="null" talendType="id_String" nullable="true"/>
  <variables name="row2.Div1LongestGTime" value="null" talendType="id_String" nullable="true"/>
  <variables name="row2.Div1WheelsOff" value="null" talendType="id_String" nullable="true"/>
  <variables name="row2.Div1TailNum" value="null" talendType="id_String" nullable="true"/>
  <variables name="row2.Div2Airport" value="null" talendType="id_String" nullable="true"/>
  <variables name="row2.Div2AirportID" value="null" talendType="id_String" nullable="true"/>
  <variables name="row2.Div2AirportSeqID" value="null" talendType="id_String" nullable="true"/>
  <variables name="row2.Div2WheelsOn" value="null" talendType="id_String" nullable="true"/>
  <variables name="row2.Div2TotalGTime" value="null" talendType="id_String" nullable="true"/>
  <variables name="row2.Div2LongestGTime" value="null" talendType="id_String" nullable="true"/>
  <variables name="row2.Div2WheelsOff" value="null" talendType="id_String" nullable="true"/>
  <variables name="row2.Div2TailNum" value="null" talendType="id_String" nullable="true"/>
  <variables name="row2.Div3Airport" value="null" talendType="id_String" nullable="true"/>
  <variables name="row2.Div3AirportID" value="null" talendType="id_String" nullable="true"/>
  <variables name="row2.Div3AirportSeqID" value="null" talendType="id_String" nullable="true"/>
  <variables name="row2.Div3WheelsOn" value="null" talendType="id_String" nullable="true"/>
  <variables name="row2.Div3TotalGTime" value="null" talendType="id_String" nullable="true"/>
  <variables name="row2.Div3LongestGTime" value="null" talendType="id_String" nullable="true"/>
  <variables name="row2.Div3WheelsOff" value="null" talendType="id_String" nullable="true"/>
  <variables name="row2.Div3TailNum" value="null" talendType="id_String" nullable="true"/>
  <variables name="row2.Div4Airport" value="null" talendType="id_String" nullable="true"/>
  <variables name="row2.Div4AirportID" value="null" talendType="id_String" nullable="true"/>
  <variables name="row2.Div4AirportSeqID" value="null" talendType="id_String" nullable="true"/>
  <variables name="row2.Div4WheelsOn" value="null" talendType="id_String" nullable="true"/>
  <variables name="row2.Div4TotalGTime" value="null" talendType="id_String" nullable="true"/>
  <variables name="row2.Div4LongestGTime" value="null" talendType="id_String" nullable="true"/>
  <variables name="row2.Div4WheelsOff" value="null" talendType="id_String" nullable="true"/>
  <variables name="row2.Div4TailNum" value="null" talendType="id_String" nullable="true"/>
  <variables name="row2.Div5Airport" value="null" talendType="id_String" nullable="true"/>
  <variables name="row2.Div5AirportID" value="null" talendType="id_String" nullable="true"/>
  <variables name="row2.Div5AirportSeqID" value="null" talendType="id_String" nullable="true"/>
  <variables name="row2.Div5WheelsOn" value="null" talendType="id_String" nullable="true"/>
  <variables name="row2.Div5TotalGTime" value="null" talendType="id_String" nullable="true"/>
  <variables name="row2.Div5LongestGTime" value="null" talendType="id_String" nullable="true"/>
  <variables name="row2.Div5WheelsOff" value="null" talendType="id_String" nullable="true"/>
  <variables name="row2.Div5TailNum" value="null" talendType="id_String" nullable="true"/>
  <variables name="row2.Duplicate" value="null" talendType="id_String" nullable="true"/>
  <variables name="row2.Column119" value="null" talendType="id_String" nullable="true"/>
  <variables name="" value="null" talendType="id_String"/>
</expression:EMFExpression>
